{
  "path_elements": [
    {
      "type": "translation",
      "x_meters": 2.4290359712230214,
      "y_meters": 7.400805755395684,
      "intermediate_handoff_radius_meters": 0.25
    },
    {
      "type": "translation",
      "x_meters": 2.454014388489208,
      "y_meters": 4.662417266187048,
      "intermediate_handoff_radius_meters": 0.25
    }
  ]
}