{
  "path_elements": [
    {
      "type": "translation",
      "x_meters": 4.389033013664198,
      "y_meters": 7.428091406070813,
      "intermediate_handoff_radius_meters": 0.25
    },
    {
      "type": "translation",
      "x_meters": 7.272246384061683,
      "y_meters": 7.246239946260648,
      "intermediate_handoff_radius_meters": 0.25
    },
    {
      "type": "translation",
      "x_meters": 7.923646384061683,
      "y_meters": 7.246239946260648,
      "intermediate_handoff_radius_meters": 0.25
    }
  ]
}